,Naloxone Doses,TH_20__conc_0.44,TH_40_conc_0.44,TH_80_conc_0.44,TH_20__conc_0.88,TH_40_conc_0.88,TH_80_conc_0.88,TH_20__conc_1.93,TH_40_conc_1.93,TH_80_conc_1.93,TH_20__conc_7.65,TH_40_conc_7.65,TH_80_conc_7.65
1,One,2.7,6.283333333,17.78333333,5.1,9.1,36.6,7.883333333,14.55,56.8,19.73333333,57.15,57.15
2,Two,2.7,5.95,13.36666667,4.933333333,8.016666667,19.43333333,7.133333333,11.21666667,45.13333333,13.4,28.56666667,57.15
3,Three,2.7,5.95,12.61666667,4.933333333,7.933333333,16.93333333,7.05,10.71666667,28.63333333,12.31666667,21.48333333,57.15
4,Four,2.7,5.95,12.45,4.933333333,7.933333333,16.18333333,7.05,10.63333333,24.13333333,12.15,19.23333333,57.15
